1, Bulbasaur, Basico, Ivysaur, Venusaur, Hierba, Veneno
2, Ivysaur, Primera Evolucion, Venusaur, Bulbasaur, Hierba, Veneno
3, Venusaur, Segunda Evolucion, Ivysaur, Bulbasaur, Hierba, Veneno
4, Charmander, Basico, Charmeleon, Charizard, Fuego, Fuego
5, Charmeleon, Primera Evolucion, Charizard, Charmander, Fuego, Fuego
6, Charizard, Segunda Evolucion, Charmeleon, Charmander, Fuego, Volador
7, Squirtle, Basico, Wartortle, Blastoise, Agua, Agua
8, Wartortle, Primera Evolucion, Blastoise, Squirtle, Agua, Agua
9, Blastoise, Segunda Evolucion, Wartortle, Squirtle, Agua, Agua
10, Caterpie, Basico, Metapod, Butterfree, Insecto, Insecto
11, Metapod, Primera Evolucion, Butterfree, Caterpie, Insecto, Insecto
12, Butterfree, Segunda Evolucion, Metapod, Caterpie, Insecto, Volador
13, Weedle, Basico, Kakuna, Beedrill, Insecto, Insecto
14, Kakuna, Primera Evolucion, Beedrill, Weedle, Insecto, Insecto
15, Beedrill, Segunda Evolucion, Kakuna, Weedle, Insecto, Veneno
16, Pidgey, Basico, Pidgeotto, Pidgeot, Normal, Volador
17, Pidgeotto, Primera Evolucion, Pidgeot, Pidgey, Normal, Volador
18, Pidgeot, Segunda Evolucion, Pidgeotto, Pidgey, Normal, Volador
19, Rattata, Basico, Raticate, Normal, Normal
20, Raticate, Primera Evolucion, Rattata, Normal, Normal
21, Spearow, Basico, Fearow, Normal, Volador
22, Fearow, Primera Evolucion, Spearow, Normal, Volador
23, Ekans, Basico, Arbok, Veneno, Veneno
24, Arbok, Primera Evolucion, Ekans, Veneno, Veneno
25, Pikachu, Basico, Raichu, Electrico, Electrico
26, Raichu, Primera Evolucion, Pikachu, Electrico, Electrico
27, Sandshrew, Basico, Sandslash, Tierra, Tierra
28, Sandslash, Primera Evolucion, Sandshrew, Tierra, Tierra
29, Nidoran?, Basico, Nidorina, Nidoqueen, Veneno, Veneno
30, Nidorina, Primera Evolucion, Nidoqueen, Nidoran?, Veneno, Veneno
31, Nidoqueen, Segunda Evolucion, Nidorina, Nidoran?, Veneno, Tierra
32, Nidoran?, Basico, Nidorino, Nidoking, Veneno, Veneno
33, Nidorino, Primera Evolucion, Nidoking, Nidoran?, Veneno, Veneno
34, Nidoking, Segunda Evolucion, Nidorino, Nidoran?, Veneno, Tierra
35, Clefairy, Basico, Clefable, Normal, Normal
36, Clefable, Primera Evolucion, Clefairy, Normal, Normal
37, Vulpix, Basico, Ninetales, Fuego, Fuego
38, Ninetales, Primera Evolucion, Vulpix, Fuego, Fuego
39, Jigglypuff, Basico, Wigglytuff, Normal, Normal
40, Wigglytuff, Primera Evolucion, Jigglypuff, Normal, Normal
41, Zubat, Basico, Golbat, Veneno, Volador
42, Golbat, Primera Evolucion, Zubat, Veneno, Volador
43, Oddish, Basico, Gloom, Vileplume, Hierba, Veneno
44, Gloom, Primera Evolucion, Vileplume, Oddish, Hierba, Veneno
45, Vileplume, Segunda Evolucion, Gloom, Oddish, Hierba, Veneno
46, Paras, Basico, Parasect, Bicho, Hierba
47, Parasect, Primera Evolucion, Paras, Bicho, Hierba
48, Venonat, Basico, Venomoth, Bicho, Veneno
49, Venomoth, Primera Evolucion, Venonat, Bicho, Veneno
50, Diglett, Basico, Dugtrio, Tierra, Tierra
51, Dugtrio, Primera Evolucion, Diglett, Tierra, Tierra
52, Meowth, Basico, Persian, Normal, Normal
53, Persian, Primera Evolucion, Meowth, Normal, Normal
54, Psyduck, Basico, Golduck, Agua, Agua
55, Golduck, Primera Evolucion, Psyduck, Agua, Agua
56, Mankey, Basico, Primeape, Lucha, Lucha
57, Primeape, Primera Evolucion, Mankey, Lucha, Lucha
58, Growlithe, Basico, Arcanine, Fuego, Fuego
59, Arcanine, Primera Evolucion, Growlithe, Fuego, Fuego
60, Poliwag, Basico, Poliwhirl, Poliwrath, Agua, Agua
61, Poliwhirl, Primera Evolucion, Poliwrath, Poliwag, Agua, Agua
62, Poliwrath, Segunda Evolucion, Poliwhirl, Poliwag, Agua, Lucha
63, Abra, Basico, Kadabra, Alakazam, Psiquico, Psiquico
64, Kadabra, Primera Evolucion, Alakazam, Abra, Psiquico, Psiquico
65, Alakazam, Segunda Evolucion, Kadabra, Abra, Psiquico, Psiquico
66, Machop, Basico, Machoke, Machamp, Lucha, Lucha
67, Machoke, Primera Evolucion, Machamp, Machop, Lucha, Lucha
68, Machamp, Segunda Evolucion, Machoke, Machop, Lucha, Lucha
69, Bellsprout, Basico, Weepinbell, Victreebel, Hierba, Veneno
70, Weepinbell, Primera Evolucion, Victreebel, Bellsprout, Hierba, Veneno
71, Victreebel, Segunda Evolucion, Weepinbell, Bellsprout, Hierba, Veneno
72, Tentacool, Basico, Tentacruel, Agua, Veneno
73, Tentacruel, Primera Evolucion, Tentacool, Agua, Veneno
74, Geodude, Basico, Graveler, Golem, Roca, Tierra
75, Graveler, Primera Evolucion, Golem, Geodude, Roca, Tierra
76, Golem, Segunda Evolucion, Graveler, Geodude, Roca, Tierra
77, Ponyta, Basico, Rapidash, Fuego, Fuego
78, Rapidash, Primera Evolucion, Ponyta, Fuego, Fuego
79, Slowpoke, Basico, Slowbro, Agua, Psiquico
80, Slowbro, Primera Evolucion, Slowpoke, Agua, Psiquico
81, Magnemite, Basico, Magneton, Electrico, Acero
82, Magneton, Primera Evolucion, Magnemite, Electrico, Acero
83, Farfetch'd, Basico, Normal, Volador
84, Doduo, Basico, Dodrio, Normal, Volador
85, Dodrio, Primera Evolucion, Doduo, Normal, Volador
86, Seel, Basico, Dewgong, Agua, Hielo
87, Dewgong, Primera Evolucion, Seel, Agua, Hielo
88, Grimer, Basico, Muk, Veneno, Veneno
89, Muk, Primera Evolucion, Grimer, Veneno, Veneno
90, Shellder, Basico, Cloyster, Agua, Hielo
91, Cloyster, Primera Evolucion, Shellder, Agua, Hielo
92, Gastly, Basico, Haunter, Gengar, Fantasma, Veneno
93, Haunter, Primera Evolucion, Gengar, Gastly, Fantasma, Veneno
94, Gengar, Segunda Evolucion, Haunter, Gastly, Fantasma, Veneno
95, Onix, Basico, Roca, Tierra
96, Drowzee, Basico, Hypno, Psiquico, Psiquico
97, Hypno, Primera Evolucion, Drowzee, Psiquico, Psiquico
98, Krabby, Basico, Kingler, Agua, Agua
99, Kingler, Primera Evolucion, Krabby, Agua, Agua
100, Voltorb, Basico, Electrode, Electrico, Electrico
101, Electrode, Primera Evolucion, Voltorb, Electrico, Electrico
102, Exeggcute, Basico, Exeggutor, Hierba, Psiquico
103, Exeggutor, Primera Evolucion, Exeggcute, Hierba, Psiquico
104, Cubone, Basico, Marowak, Tierra, Tierra
105, Marowak, Primera Evolucion, Cubone, Tierra, Tierra
106, Hitmonlee, Basico, Lucha, Lucha
107, Hitmonchan, Basico, Lucha, Lucha
108, Lickitung, Basico, Normal, Normal
109, Koffing, Basico, Weezing, Veneno, Veneno
110, Weezing, Primera Evolucion, Koffing, Veneno, Veneno
111, Rhyhorn, Basico, Rhydon, Roca, Tierra
112, Rhydon, Primera Evolucion, Rhyhorn, Roca, Tierra
113, Chansey, Basico, Normal, Normal
114, Tangela, Basico, Hierba, Hierba
115, Kangaskhan, Basico, Normal, Normal
116, Horsea, Basico, Seadra, Agua, Agua
117, Seadra, Primera Evolucion, Horsea, Agua, Agua
118, Goldeen, Basico, Seaking, Agua, Agua
119, Seaking, Primera Evolucion, Goldeen, Agua, Agua
120, Staryu, Basico, Starmie, Agua, Psiquico
121, Starmie, Primera Evolucion, Staryu, Agua, Psiquico
122, Mr. Mime, Basico, Psiquico, Psiquico
123, Scyther, Basico, Bicho, Volador
124, Jynx, Basico, Hielo, Psiquico
125, Electabuzz, Basico, Electrico, Electrico
126, Magmar, Basico, Fuego, Fuego
127, Pinsir, Basico, Bicho, Bicho
128, Tauros, Basico, Normal, Normal
129, Magikarp, Basico, Gyarados, Agua, Volador
130, Gyarados, Primera Evolucion, Magikarp, Agua, Volador
131, Lapras, Basico, Agua, Hielo
132, Ditto, Basico, Normal, Normal
133, Eevee, Basico, Vaporeon, Jolteon, Flareon, Normal, Normal
134, Vaporeon, Primera Evolucion, Eevee, Agua, Agua
135, Jolteon, Primera Evolucion, Eevee, Electrico, Electrico
136, Flareon, Primera Evolucion, Eevee, Fuego, Fuego
137, Porygon, Basico, Normal, Normal
138, Omanyte, Basico, Omastar, Roca, Agua
139, Omastar, Primera Evolucion, Omanyte, Roca, Agua
140, Kabuto, Basico, Kabutops, Roca, Agua
141, Kabutops, Primera Evolucion, Kabuto, Roca, Agua
142, Aerodactyl, Basico, Roca, Volador
143, Snorlax, Basico, Normal, Normal
144, Articuno, Basico, Hielo, Volador
145, Zapdos, Basico, Electrico, Volador
146, Moltres, Basico, Fuego, Volador
147, Dratini, Basico, Dragonair, Dragonite, Dragon, Volador
148, Dragonair, Primera Evolucion, Dragonite, Dratini, Dragon, Volador
149, Dragonite, Segunda Evolucion, Dragonair, Dratini, Dragon, Volador
150, Mewtwo, Basico, Psiquico, Psiquico
151, Mew, Basico, Psiquico, Psiquico